TIME,DISTANCE,w_cohere,w_avoid,w_align,w_random,max_acceleration,visible_distance,minimum_distance,max_velocity,weight,w_excretion_freq,w_attract,pheromone_decay,scout_velocity,scout_velocity_decay,scout_near,scout_min_neighbours,hive_pos
0.1,19.838,0.3,0.3,0.3,0.3,0.3,30.0,15.0,1.0,0.8,9999999,0.3,0.5,-2.5,0.8,5,10,[-20.   0.]
0.2,19.837,0.3,0.3,0.3,0.3,0.3,30.0,15.0,1.0,0.8,9999999,0.3,0.5,-2.5,0.8,5,10,[-20.   0.]
0.3,19.828,0.3,0.3,0.3,0.3,0.3,30.0,15.0,1.0,0.8,9999999,0.3,0.5,-2.5,0.8,5,10,[-20.   0.]
0.4,19.814,0.3,0.3,0.3,0.3,0.3,30.0,15.0,1.0,0.8,9999999,0.3,0.5,-2.5,0.8,5,10,[-20.   0.]
0.5,19.794,0.3,0.3,0.3,0.3,0.3,30.0,15.0,1.0,0.8,9999999,0.3,0.5,-2.5,0.8,5,10,[-20.   0.]
0.6,19.766,0.3,0.3,0.3,0.3,0.3,30.0,15.0,1.0,0.8,9999999,0.3,0.5,-2.5,0.8,5,10,[-20.   0.]
0.7,19.731,0.3,0.3,0.3,0.3,0.3,30.0,15.0,1.0,0.8,9999999,0.3,0.5,-2.5,0.8,5,10,[-20.   0.]
0.8,19.69,0.3,0.3,0.3,0.3,0.3,30.0,15.0,1.0,0.8,9999999,0.3,0.5,-2.5,0.8,5,10,[-20.   0.]
0.9,19.642,0.3,0.3,0.3,0.3,0.3,30.0,15.0,1.0,0.8,9999999,0.3,0.5,-2.5,0.8,5,10,[-20.   0.]
1.0,19.587,0.3,0.3,0.3,0.3,0.3,30.0,15.0,1.0,0.8,9999999,0.3,0.5,-2.5,0.8,5,10,[-20.   0.]
1.1,19.524,0.3,0.3,0.3,0.3,0.3,30.0,15.0,1.0,0.8,9999999,0.3,0.5,-2.5,0.8,5,10,[-20.   0.]
1.2,19.456,0.3,0.3,0.3,0.3,0.3,30.0,15.0,1.0,0.8,9999999,0.3,0.5,-2.5,0.8,5,10,[-20.   0.]
1.3,19.382,0.3,0.3,0.3,0.3,0.3,30.0,15.0,1.0,0.8,9999999,0.3,0.5,-2.5,0.8,5,10,[-20.   0.]
1.4,19.3,0.3,0.3,0.3,0.3,0.3,30.0,15.0,1.0,0.8,9999999,0.3,0.5,-2.5,0.8,5,10,[-20.   0.]
1.5,19.213,0.3,0.3,0.3,0.3,0.3,30.0,15.0,1.0,0.8,9999999,0.3,0.5,-2.5,0.8,5,10,[-20.   0.]
1.6,19.121,0.3,0.3,0.3,0.3,0.3,30.0,15.0,1.0,0.8,9999999,0.3,0.5,-2.5,0.8,5,10,[-20.   0.]
1.7,19.023,0.3,0.3,0.3,0.3,0.3,30.0,15.0,1.0,0.8,9999999,0.3,0.5,-2.5,0.8,5,10,[-20.   0.]
1.8,18.92,0.3,0.3,0.3,0.3,0.3,30.0,15.0,1.0,0.8,9999999,0.3,0.5,-2.5,0.8,5,10,[-20.   0.]
1.9,18.813,0.3,0.3,0.3,0.3,0.3,30.0,15.0,1.0,0.8,9999999,0.3,0.5,-2.5,0.8,5,10,[-20.   0.]
2.0,18.701,0.3,0.3,0.3,0.3,0.3,30.0,15.0,1.0,0.8,9999999,0.3,0.5,-2.5,0.8,5,10,[-20.   0.]
2.1,18.584,0.3,0.3,0.3,0.3,0.3,30.0,15.0,1.0,0.8,9999999,0.3,0.5,-2.5,0.8,5,10,[-20.   0.]
2.2,18.465,0.3,0.3,0.3,0.3,0.3,30.0,15.0,1.0,0.8,9999999,0.3,0.5,-2.5,0.8,5,10,[-20.   0.]
2.3,18.344,0.3,0.3,0.3,0.3,0.3,30.0,15.0,1.0,0.8,9999999,0.3,0.5,-2.5,0.8,5,10,[-20.   0.]
2.4,18.22,0.3,0.3,0.3,0.3,0.3,30.0,15.0,1.0,0.8,9999999,0.3,0.5,-2.5,0.8,5,10,[-20.   0.]
2.5,18.094,0.3,0.3,0.3,0.3,0.3,30.0,15.0,1.0,0.8,9999999,0.3,0.5,-2.5,0.8,5,10,[-20.   0.]
2.6,17.965,0.3,0.3,0.3,0.3,0.3,30.0,15.0,1.0,0.8,9999999,0.3,0.5,-2.5,0.8,5,10,[-20.   0.]
2.7,17.835,0.3,0.3,0.3,0.3,0.3,30.0,15.0,1.0,0.8,9999999,0.3,0.5,-2.5,0.8,5,10,[-20.   0.]
2.8,17.704,0.3,0.3,0.3,0.3,0.3,30.0,15.0,1.0,0.8,9999999,0.3,0.5,-2.5,0.8,5,10,[-20.   0.]
2.9,17.571,0.3,0.3,0.3,0.3,0.3,30.0,15.0,1.0,0.8,9999999,0.3,0.5,-2.5,0.8,5,10,[-20.   0.]
3.0,17.438,0.3,0.3,0.3,0.3,0.3,30.0,15.0,1.0,0.8,9999999,0.3,0.5,-2.5,0.8,5,10,[-20.   0.]
3.1,17.303,0.3,0.3,0.3,0.3,0.3,30.0,15.0,1.0,0.8,9999999,0.3,0.5,-2.5,0.8,5,10,[-20.   0.]
3.2,17.169,0.3,0.3,0.3,0.3,0.3,30.0,15.0,1.0,0.8,9999999,0.3,0.5,-2.5,0.8,5,10,[-20.   0.]
3.3,17.034,0.3,0.3,0.3,0.3,0.3,30.0,15.0,1.0,0.8,9999999,0.3,0.5,-2.5,0.8,5,10,[-20.   0.]
3.4,16.898,0.3,0.3,0.3,0.3,0.3,30.0,15.0,1.0,0.8,9999999,0.3,0.5,-2.5,0.8,5,10,[-20.   0.]
3.5,16.762,0.3,0.3,0.3,0.3,0.3,30.0,15.0,1.0,0.8,9999999,0.3,0.5,-2.5,0.8,5,10,[-20.   0.]
3.6,16.625,0.3,0.3,0.3,0.3,0.3,30.0,15.0,1.0,0.8,9999999,0.3,0.5,-2.5,0.8,5,10,[-20.   0.]
3.7,16.488,0.3,0.3,0.3,0.3,0.3,30.0,15.0,1.0,0.8,9999999,0.3,0.5,-2.5,0.8,5,10,[-20.   0.]
3.8,16.351,0.3,0.3,0.3,0.3,0.3,30.0,15.0,1.0,0.8,9999999,0.3,0.5,-2.5,0.8,5,10,[-20.   0.]
3.9,16.214,0.3,0.3,0.3,0.3,0.3,30.0,15.0,1.0,0.8,9999999,0.3,0.5,-2.5,0.8,5,10,[-20.   0.]
4.0,16.076,0.3,0.3,0.3,0.3,0.3,30.0,15.0,1.0,0.8,9999999,0.3,0.5,-2.5,0.8,5,10,[-20.   0.]
4.1,15.938,0.3,0.3,0.3,0.3,0.3,30.0,15.0,1.0,0.8,9999999,0.3,0.5,-2.5,0.8,5,10,[-20.   0.]
4.2,15.801,0.3,0.3,0.3,0.3,0.3,30.0,15.0,1.0,0.8,9999999,0.3,0.5,-2.5,0.8,5,10,[-20.   0.]
4.3,15.663,0.3,0.3,0.3,0.3,0.3,30.0,15.0,1.0,0.8,9999999,0.3,0.5,-2.5,0.8,5,10,[-20.   0.]
4.4,15.524,0.3,0.3,0.3,0.3,0.3,30.0,15.0,1.0,0.8,9999999,0.3,0.5,-2.5,0.8,5,10,[-20.   0.]
4.5,15.385,0.3,0.3,0.3,0.3,0.3,30.0,15.0,1.0,0.8,9999999,0.3,0.5,-2.5,0.8,5,10,[-20.   0.]
4.6,15.246,0.3,0.3,0.3,0.3,0.3,30.0,15.0,1.0,0.8,9999999,0.3,0.5,-2.5,0.8,5,10,[-20.   0.]
4.7,15.107,0.3,0.3,0.3,0.3,0.3,30.0,15.0,1.0,0.8,9999999,0.3,0.5,-2.5,0.8,5,10,[-20.   0.]
4.8,14.968,0.3,0.3,0.3,0.3,0.3,30.0,15.0,1.0,0.8,9999999,0.3,0.5,-2.5,0.8,5,10,[-20.   0.]
4.9,14.829,0.3,0.3,0.3,0.3,0.3,30.0,15.0,1.0,0.8,9999999,0.3,0.5,-2.5,0.8,5,10,[-20.   0.]
5.0,14.69,0.3,0.3,0.3,0.3,0.3,30.0,15.0,1.0,0.8,9999999,0.3,0.5,-2.5,0.8,5,10,[-20.   0.]
5.1,14.551,0.3,0.3,0.3,0.3,0.3,30.0,15.0,1.0,0.8,9999999,0.3,0.5,-2.5,0.8,5,10,[-20.   0.]
5.2,14.411,0.3,0.3,0.3,0.3,0.3,30.0,15.0,1.0,0.8,9999999,0.3,0.5,-2.5,0.8,5,10,[-20.   0.]
5.3,14.272,0.3,0.3,0.3,0.3,0.3,30.0,15.0,1.0,0.8,9999999,0.3,0.5,-2.5,0.8,5,10,[-20.   0.]
5.4,14.133,0.3,0.3,0.3,0.3,0.3,30.0,15.0,1.0,0.8,9999999,0.3,0.5,-2.5,0.8,5,10,[-20.   0.]
5.5,13.994,0.3,0.3,0.3,0.3,0.3,30.0,15.0,1.0,0.8,9999999,0.3,0.5,-2.5,0.8,5,10,[-20.   0.]
5.6,13.856,0.3,0.3,0.3,0.3,0.3,30.0,15.0,1.0,0.8,9999999,0.3,0.5,-2.5,0.8,5,10,[-20.   0.]
5.7,13.718,0.3,0.3,0.3,0.3,0.3,30.0,15.0,1.0,0.8,9999999,0.3,0.5,-2.5,0.8,5,10,[-20.   0.]
5.8,13.58,0.3,0.3,0.3,0.3,0.3,30.0,15.0,1.0,0.8,9999999,0.3,0.5,-2.5,0.8,5,10,[-20.   0.]
5.9,13.441,0.3,0.3,0.3,0.3,0.3,30.0,15.0,1.0,0.8,9999999,0.3,0.5,-2.5,0.8,5,10,[-20.   0.]
6.0,13.302,0.3,0.3,0.3,0.3,0.3,30.0,15.0,1.0,0.8,9999999,0.3,0.5,-2.5,0.8,5,10,[-20.   0.]
6.1,13.163,0.3,0.3,0.3,0.3,0.3,30.0,15.0,1.0,0.8,9999999,0.3,0.5,-2.5,0.8,5,10,[-20.   0.]
6.2,13.025,0.3,0.3,0.3,0.3,0.3,30.0,15.0,1.0,0.8,9999999,0.3,0.5,-2.5,0.8,5,10,[-20.   0.]
6.3,12.886,0.3,0.3,0.3,0.3,0.3,30.0,15.0,1.0,0.8,9999999,0.3,0.5,-2.5,0.8,5,10,[-20.   0.]
6.4,12.748,0.3,0.3,0.3,0.3,0.3,30.0,15.0,1.0,0.8,9999999,0.3,0.5,-2.5,0.8,5,10,[-20.   0.]
6.5,12.609,0.3,0.3,0.3,0.3,0.3,30.0,15.0,1.0,0.8,9999999,0.3,0.5,-2.5,0.8,5,10,[-20.   0.]
6.6,12.471,0.3,0.3,0.3,0.3,0.3,30.0,15.0,1.0,0.8,9999999,0.3,0.5,-2.5,0.8,5,10,[-20.   0.]
6.7,12.332,0.3,0.3,0.3,0.3,0.3,30.0,15.0,1.0,0.8,9999999,0.3,0.5,-2.5,0.8,5,10,[-20.   0.]
6.8,12.194,0.3,0.3,0.3,0.3,0.3,30.0,15.0,1.0,0.8,9999999,0.3,0.5,-2.5,0.8,5,10,[-20.   0.]
6.9,12.056,0.3,0.3,0.3,0.3,0.3,30.0,15.0,1.0,0.8,9999999,0.3,0.5,-2.5,0.8,5,10,[-20.   0.]
7.0,11.918,0.3,0.3,0.3,0.3,0.3,30.0,15.0,1.0,0.8,9999999,0.3,0.5,-2.5,0.8,5,10,[-20.   0.]
7.1,11.78,0.3,0.3,0.3,0.3,0.3,30.0,15.0,1.0,0.8,9999999,0.3,0.5,-2.5,0.8,5,10,[-20.   0.]
7.2,11.643,0.3,0.3,0.3,0.3,0.3,30.0,15.0,1.0,0.8,9999999,0.3,0.5,-2.5,0.8,5,10,[-20.   0.]
7.3,11.506,0.3,0.3,0.3,0.3,0.3,30.0,15.0,1.0,0.8,9999999,0.3,0.5,-2.5,0.8,5,10,[-20.   0.]
7.4,11.37,0.3,0.3,0.3,0.3,0.3,30.0,15.0,1.0,0.8,9999999,0.3,0.5,-2.5,0.8,5,10,[-20.   0.]
7.5,11.233,0.3,0.3,0.3,0.3,0.3,30.0,15.0,1.0,0.8,9999999,0.3,0.5,-2.5,0.8,5,10,[-20.   0.]
7.6,11.096,0.3,0.3,0.3,0.3,0.3,30.0,15.0,1.0,0.8,9999999,0.3,0.5,-2.5,0.8,5,10,[-20.   0.]
7.7,10.958,0.3,0.3,0.3,0.3,0.3,30.0,15.0,1.0,0.8,9999999,0.3,0.5,-2.5,0.8,5,10,[-20.   0.]
7.8,10.821,0.3,0.3,0.3,0.3,0.3,30.0,15.0,1.0,0.8,9999999,0.3,0.5,-2.5,0.8,5,10,[-20.   0.]
7.9,10.685,0.3,0.3,0.3,0.3,0.3,30.0,15.0,1.0,0.8,9999999,0.3,0.5,-2.5,0.8,5,10,[-20.   0.]
8.0,10.548,0.3,0.3,0.3,0.3,0.3,30.0,15.0,1.0,0.8,9999999,0.3,0.5,-2.5,0.8,5,10,[-20.   0.]
8.1,10.412,0.3,0.3,0.3,0.3,0.3,30.0,15.0,1.0,0.8,9999999,0.3,0.5,-2.5,0.8,5,10,[-20.   0.]
8.2,10.276,0.3,0.3,0.3,0.3,0.3,30.0,15.0,1.0,0.8,9999999,0.3,0.5,-2.5,0.8,5,10,[-20.   0.]
8.3,10.139,0.3,0.3,0.3,0.3,0.3,30.0,15.0,1.0,0.8,9999999,0.3,0.5,-2.5,0.8,5,10,[-20.   0.]
8.4,10.003,0.3,0.3,0.3,0.3,0.3,30.0,15.0,1.0,0.8,9999999,0.3,0.5,-2.5,0.8,5,10,[-20.   0.]
8.5,9.866,0.3,0.3,0.3,0.3,0.3,30.0,15.0,1.0,0.8,9999999,0.3,0.5,-2.5,0.8,5,10,[-20.   0.]
8.6,9.73,0.3,0.3,0.3,0.3,0.3,30.0,15.0,1.0,0.8,9999999,0.3,0.5,-2.5,0.8,5,10,[-20.   0.]
8.7,9.593,0.3,0.3,0.3,0.3,0.3,30.0,15.0,1.0,0.8,9999999,0.3,0.5,-2.5,0.8,5,10,[-20.   0.]
8.8,9.457,0.3,0.3,0.3,0.3,0.3,30.0,15.0,1.0,0.8,9999999,0.3,0.5,-2.5,0.8,5,10,[-20.   0.]
8.9,9.322,0.3,0.3,0.3,0.3,0.3,30.0,15.0,1.0,0.8,9999999,0.3,0.5,-2.5,0.8,5,10,[-20.   0.]
9.0,9.187,0.3,0.3,0.3,0.3,0.3,30.0,15.0,1.0,0.8,9999999,0.3,0.5,-2.5,0.8,5,10,[-20.   0.]
9.1,9.052,0.3,0.3,0.3,0.3,0.3,30.0,15.0,1.0,0.8,9999999,0.3,0.5,-2.5,0.8,5,10,[-20.   0.]
9.2,8.917,0.3,0.3,0.3,0.3,0.3,30.0,15.0,1.0,0.8,9999999,0.3,0.5,-2.5,0.8,5,10,[-20.   0.]
9.3,8.782,0.3,0.3,0.3,0.3,0.3,30.0,15.0,1.0,0.8,9999999,0.3,0.5,-2.5,0.8,5,10,[-20.   0.]
9.4,8.648,0.3,0.3,0.3,0.3,0.3,30.0,15.0,1.0,0.8,9999999,0.3,0.5,-2.5,0.8,5,10,[-20.   0.]
9.5,8.514,0.3,0.3,0.3,0.3,0.3,30.0,15.0,1.0,0.8,9999999,0.3,0.5,-2.5,0.8,5,10,[-20.   0.]
9.6,8.38,0.3,0.3,0.3,0.3,0.3,30.0,15.0,1.0,0.8,9999999,0.3,0.5,-2.5,0.8,5,10,[-20.   0.]
9.7,8.246,0.3,0.3,0.3,0.3,0.3,30.0,15.0,1.0,0.8,9999999,0.3,0.5,-2.5,0.8,5,10,[-20.   0.]
9.8,8.113,0.3,0.3,0.3,0.3,0.3,30.0,15.0,1.0,0.8,9999999,0.3,0.5,-2.5,0.8,5,10,[-20.   0.]
9.9,7.98,0.3,0.3,0.3,0.3,0.3,30.0,15.0,1.0,0.8,9999999,0.3,0.5,-2.5,0.8,5,10,[-20.   0.]
10.0,7.848,0.3,0.3,0.3,0.3,0.3,30.0,15.0,1.0,0.8,9999999,0.3,0.5,-2.5,0.8,5,10,[-20.   0.]
10.1,7.717,0.3,0.3,0.3,0.3,0.3,30.0,15.0,1.0,0.8,9999999,0.3,0.5,-2.5,0.8,5,10,[-20.   0.]
10.2,7.587,0.3,0.3,0.3,0.3,0.3,30.0,15.0,1.0,0.8,9999999,0.3,0.5,-2.5,0.8,5,10,[-20.   0.]
10.3,7.456,0.3,0.3,0.3,0.3,0.3,30.0,15.0,1.0,0.8,9999999,0.3,0.5,-2.5,0.8,5,10,[-20.   0.]
10.4,7.325,0.3,0.3,0.3,0.3,0.3,30.0,15.0,1.0,0.8,9999999,0.3,0.5,-2.5,0.8,5,10,[-20.   0.]
10.5,7.194,0.3,0.3,0.3,0.3,0.3,30.0,15.0,1.0,0.8,9999999,0.3,0.5,-2.5,0.8,5,10,[-20.   0.]
10.6,7.063,0.3,0.3,0.3,0.3,0.3,30.0,15.0,1.0,0.8,9999999,0.3,0.5,-2.5,0.8,5,10,[-20.   0.]
10.7,6.932,0.3,0.3,0.3,0.3,0.3,30.0,15.0,1.0,0.8,9999999,0.3,0.5,-2.5,0.8,5,10,[-20.   0.]
10.8,6.801,0.3,0.3,0.3,0.3,0.3,30.0,15.0,1.0,0.8,9999999,0.3,0.5,-2.5,0.8,5,10,[-20.   0.]
10.9,6.671,0.3,0.3,0.3,0.3,0.3,30.0,15.0,1.0,0.8,9999999,0.3,0.5,-2.5,0.8,5,10,[-20.   0.]
11.0,6.541,0.3,0.3,0.3,0.3,0.3,30.0,15.0,1.0,0.8,9999999,0.3,0.5,-2.5,0.8,5,10,[-20.   0.]
11.1,6.411,0.3,0.3,0.3,0.3,0.3,30.0,15.0,1.0,0.8,9999999,0.3,0.5,-2.5,0.8,5,10,[-20.   0.]
11.2,6.282,0.3,0.3,0.3,0.3,0.3,30.0,15.0,1.0,0.8,9999999,0.3,0.5,-2.5,0.8,5,10,[-20.   0.]
11.3,6.154,0.3,0.3,0.3,0.3,0.3,30.0,15.0,1.0,0.8,9999999,0.3,0.5,-2.5,0.8,5,10,[-20.   0.]
11.4,6.026,0.3,0.3,0.3,0.3,0.3,30.0,15.0,1.0,0.8,9999999,0.3,0.5,-2.5,0.8,5,10,[-20.   0.]
11.5,5.9,0.3,0.3,0.3,0.3,0.3,30.0,15.0,1.0,0.8,9999999,0.3,0.5,-2.5,0.8,5,10,[-20.   0.]
11.6,5.773,0.3,0.3,0.3,0.3,0.3,30.0,15.0,1.0,0.8,9999999,0.3,0.5,-2.5,0.8,5,10,[-20.   0.]
11.7,5.647,0.3,0.3,0.3,0.3,0.3,30.0,15.0,1.0,0.8,9999999,0.3,0.5,-2.5,0.8,5,10,[-20.   0.]
11.8,5.523,0.3,0.3,0.3,0.3,0.3,30.0,15.0,1.0,0.8,9999999,0.3,0.5,-2.5,0.8,5,10,[-20.   0.]
11.9,5.4,0.3,0.3,0.3,0.3,0.3,30.0,15.0,1.0,0.8,9999999,0.3,0.5,-2.5,0.8,5,10,[-20.   0.]
12.0,5.277,0.3,0.3,0.3,0.3,0.3,30.0,15.0,1.0,0.8,9999999,0.3,0.5,-2.5,0.8,5,10,[-20.   0.]
12.1,5.154,0.3,0.3,0.3,0.3,0.3,30.0,15.0,1.0,0.8,9999999,0.3,0.5,-2.5,0.8,5,10,[-20.   0.]
12.2,5.032,0.3,0.3,0.3,0.3,0.3,30.0,15.0,1.0,0.8,9999999,0.3,0.5,-2.5,0.8,5,10,[-20.   0.]
12.3,4.911,0.3,0.3,0.3,0.3,0.3,30.0,15.0,1.0,0.8,9999999,0.3,0.5,-2.5,0.8,5,10,[-20.   0.]
12.4,4.791,0.3,0.3,0.3,0.3,0.3,30.0,15.0,1.0,0.8,9999999,0.3,0.5,-2.5,0.8,5,10,[-20.   0.]
12.5,4.671,0.3,0.3,0.3,0.3,0.3,30.0,15.0,1.0,0.8,9999999,0.3,0.5,-2.5,0.8,5,10,[-20.   0.]
12.6,4.553,0.3,0.3,0.3,0.3,0.3,30.0,15.0,1.0,0.8,9999999,0.3,0.5,-2.5,0.8,5,10,[-20.   0.]
12.7,4.436,0.3,0.3,0.3,0.3,0.3,30.0,15.0,1.0,0.8,9999999,0.3,0.5,-2.5,0.8,5,10,[-20.   0.]
12.8,4.32,0.3,0.3,0.3,0.3,0.3,30.0,15.0,1.0,0.8,9999999,0.3,0.5,-2.5,0.8,5,10,[-20.   0.]
12.9,4.206,0.3,0.3,0.3,0.3,0.3,30.0,15.0,1.0,0.8,9999999,0.3,0.5,-2.5,0.8,5,10,[-20.   0.]
13.0,4.094,0.3,0.3,0.3,0.3,0.3,30.0,15.0,1.0,0.8,9999999,0.3,0.5,-2.5,0.8,5,10,[-20.   0.]
13.1,3.982,0.3,0.3,0.3,0.3,0.3,30.0,15.0,1.0,0.8,9999999,0.3,0.5,-2.5,0.8,5,10,[-20.   0.]
13.2,3.873,0.3,0.3,0.3,0.3,0.3,30.0,15.0,1.0,0.8,9999999,0.3,0.5,-2.5,0.8,5,10,[-20.   0.]
13.3,3.767,0.3,0.3,0.3,0.3,0.3,30.0,15.0,1.0,0.8,9999999,0.3,0.5,-2.5,0.8,5,10,[-20.   0.]
13.4,3.662,0.3,0.3,0.3,0.3,0.3,30.0,15.0,1.0,0.8,9999999,0.3,0.5,-2.5,0.8,5,10,[-20.   0.]
13.5,3.56,0.3,0.3,0.3,0.3,0.3,30.0,15.0,1.0,0.8,9999999,0.3,0.5,-2.5,0.8,5,10,[-20.   0.]
13.6,3.462,0.3,0.3,0.3,0.3,0.3,30.0,15.0,1.0,0.8,9999999,0.3,0.5,-2.5,0.8,5,10,[-20.   0.]
13.7,3.366,0.3,0.3,0.3,0.3,0.3,30.0,15.0,1.0,0.8,9999999,0.3,0.5,-2.5,0.8,5,10,[-20.   0.]
13.8,3.273,0.3,0.3,0.3,0.3,0.3,30.0,15.0,1.0,0.8,9999999,0.3,0.5,-2.5,0.8,5,10,[-20.   0.]
13.9,3.183,0.3,0.3,0.3,0.3,0.3,30.0,15.0,1.0,0.8,9999999,0.3,0.5,-2.5,0.8,5,10,[-20.   0.]
14.0,3.096,0.3,0.3,0.3,0.3,0.3,30.0,15.0,1.0,0.8,9999999,0.3,0.5,-2.5,0.8,5,10,[-20.   0.]
14.1,3.013,0.3,0.3,0.3,0.3,0.3,30.0,15.0,1.0,0.8,9999999,0.3,0.5,-2.5,0.8,5,10,[-20.   0.]
14.2,2.935,0.3,0.3,0.3,0.3,0.3,30.0,15.0,1.0,0.8,9999999,0.3,0.5,-2.5,0.8,5,10,[-20.   0.]
14.3,2.862,0.3,0.3,0.3,0.3,0.3,30.0,15.0,1.0,0.8,9999999,0.3,0.5,-2.5,0.8,5,10,[-20.   0.]
14.4,2.794,0.3,0.3,0.3,0.3,0.3,30.0,15.0,1.0,0.8,9999999,0.3,0.5,-2.5,0.8,5,10,[-20.   0.]
14.5,2.731,0.3,0.3,0.3,0.3,0.3,30.0,15.0,1.0,0.8,9999999,0.3,0.5,-2.5,0.8,5,10,[-20.   0.]
14.6,2.674,0.3,0.3,0.3,0.3,0.3,30.0,15.0,1.0,0.8,9999999,0.3,0.5,-2.5,0.8,5,10,[-20.   0.]
14.7,2.623,0.3,0.3,0.3,0.3,0.3,30.0,15.0,1.0,0.8,9999999,0.3,0.5,-2.5,0.8,5,10,[-20.   0.]
14.8,2.578,0.3,0.3,0.3,0.3,0.3,30.0,15.0,1.0,0.8,9999999,0.3,0.5,-2.5,0.8,5,10,[-20.   0.]
14.9,2.54,0.3,0.3,0.3,0.3,0.3,30.0,15.0,1.0,0.8,9999999,0.3,0.5,-2.5,0.8,5,10,[-20.   0.]
15.0,2.508,0.3,0.3,0.3,0.3,0.3,30.0,15.0,1.0,0.8,9999999,0.3,0.5,-2.5,0.8,5,10,[-20.   0.]
15.1,2.484,0.3,0.3,0.3,0.3,0.3,30.0,15.0,1.0,0.8,9999999,0.3,0.5,-2.5,0.8,5,10,[-20.   0.]
15.2,2.468,0.3,0.3,0.3,0.3,0.3,30.0,15.0,1.0,0.8,9999999,0.3,0.5,-2.5,0.8,5,10,[-20.   0.]
15.3,2.458,0.3,0.3,0.3,0.3,0.3,30.0,15.0,1.0,0.8,9999999,0.3,0.5,-2.5,0.8,5,10,[-20.   0.]
15.4,2.457,0.3,0.3,0.3,0.3,0.3,30.0,15.0,1.0,0.8,9999999,0.3,0.5,-2.5,0.8,5,10,[-20.   0.]
15.5,2.462,0.3,0.3,0.3,0.3,0.3,30.0,15.0,1.0,0.8,9999999,0.3,0.5,-2.5,0.8,5,10,[-20.   0.]
15.6,2.474,0.3,0.3,0.3,0.3,0.3,30.0,15.0,1.0,0.8,9999999,0.3,0.5,-2.5,0.8,5,10,[-20.   0.]
15.7,2.494,0.3,0.3,0.3,0.3,0.3,30.0,15.0,1.0,0.8,9999999,0.3,0.5,-2.5,0.8,5,10,[-20.   0.]
15.8,2.523,0.3,0.3,0.3,0.3,0.3,30.0,15.0,1.0,0.8,9999999,0.3,0.5,-2.5,0.8,5,10,[-20.   0.]
15.9,2.56,0.3,0.3,0.3,0.3,0.3,30.0,15.0,1.0,0.8,9999999,0.3,0.5,-2.5,0.8,5,10,[-20.   0.]
16.0,2.604,0.3,0.3,0.3,0.3,0.3,30.0,15.0,1.0,0.8,9999999,0.3,0.5,-2.5,0.8,5,10,[-20.   0.]
16.1,2.655,0.3,0.3,0.3,0.3,0.3,30.0,15.0,1.0,0.8,9999999,0.3,0.5,-2.5,0.8,5,10,[-20.   0.]
16.2,2.712,0.3,0.3,0.3,0.3,0.3,30.0,15.0,1.0,0.8,9999999,0.3,0.5,-2.5,0.8,5,10,[-20.   0.]
16.3,2.775,0.3,0.3,0.3,0.3,0.3,30.0,15.0,1.0,0.8,9999999,0.3,0.5,-2.5,0.8,5,10,[-20.   0.]
16.4,2.844,0.3,0.3,0.3,0.3,0.3,30.0,15.0,1.0,0.8,9999999,0.3,0.5,-2.5,0.8,5,10,[-20.   0.]
16.5,2.916,0.3,0.3,0.3,0.3,0.3,30.0,15.0,1.0,0.8,9999999,0.3,0.5,-2.5,0.8,5,10,[-20.   0.]
16.6,2.993,0.3,0.3,0.3,0.3,0.3,30.0,15.0,1.0,0.8,9999999,0.3,0.5,-2.5,0.8,5,10,[-20.   0.]
16.7,3.075,0.3,0.3,0.3,0.3,0.3,30.0,15.0,1.0,0.8,9999999,0.3,0.5,-2.5,0.8,5,10,[-20.   0.]
16.8,3.159,0.3,0.3,0.3,0.3,0.3,30.0,15.0,1.0,0.8,9999999,0.3,0.5,-2.5,0.8,5,10,[-20.   0.]
16.9,3.246,0.3,0.3,0.3,0.3,0.3,30.0,15.0,1.0,0.8,9999999,0.3,0.5,-2.5,0.8,5,10,[-20.   0.]
17.0,3.337,0.3,0.3,0.3,0.3,0.3,30.0,15.0,1.0,0.8,9999999,0.3,0.5,-2.5,0.8,5,10,[-20.   0.]
17.1,3.431,0.3,0.3,0.3,0.3,0.3,30.0,15.0,1.0,0.8,9999999,0.3,0.5,-2.5,0.8,5,10,[-20.   0.]
17.2,3.528,0.3,0.3,0.3,0.3,0.3,30.0,15.0,1.0,0.8,9999999,0.3,0.5,-2.5,0.8,5,10,[-20.   0.]
17.3,3.626,0.3,0.3,0.3,0.3,0.3,30.0,15.0,1.0,0.8,9999999,0.3,0.5,-2.5,0.8,5,10,[-20.   0.]
17.4,3.726,0.3,0.3,0.3,0.3,0.3,30.0,15.0,1.0,0.8,9999999,0.3,0.5,-2.5,0.8,5,10,[-20.   0.]
17.5,3.827,0.3,0.3,0.3,0.3,0.3,30.0,15.0,1.0,0.8,9999999,0.3,0.5,-2.5,0.8,5,10,[-20.   0.]
17.6,3.93,0.3,0.3,0.3,0.3,0.3,30.0,15.0,1.0,0.8,9999999,0.3,0.5,-2.5,0.8,5,10,[-20.   0.]
17.7,4.036,0.3,0.3,0.3,0.3,0.3,30.0,15.0,1.0,0.8,9999999,0.3,0.5,-2.5,0.8,5,10,[-20.   0.]
17.8,4.144,0.3,0.3,0.3,0.3,0.3,30.0,15.0,1.0,0.8,9999999,0.3,0.5,-2.5,0.8,5,10,[-20.   0.]
17.9,4.253,0.3,0.3,0.3,0.3,0.3,30.0,15.0,1.0,0.8,9999999,0.3,0.5,-2.5,0.8,5,10,[-20.   0.]
18.0,4.363,0.3,0.3,0.3,0.3,0.3,30.0,15.0,1.0,0.8,9999999,0.3,0.5,-2.5,0.8,5,10,[-20.   0.]
18.1,4.475,0.3,0.3,0.3,0.3,0.3,30.0,15.0,1.0,0.8,9999999,0.3,0.5,-2.5,0.8,5,10,[-20.   0.]
18.2,4.588,0.3,0.3,0.3,0.3,0.3,30.0,15.0,1.0,0.8,9999999,0.3,0.5,-2.5,0.8,5,10,[-20.   0.]
18.3,4.701,0.3,0.3,0.3,0.3,0.3,30.0,15.0,1.0,0.8,9999999,0.3,0.5,-2.5,0.8,5,10,[-20.   0.]
18.4,4.816,0.3,0.3,0.3,0.3,0.3,30.0,15.0,1.0,0.8,9999999,0.3,0.5,-2.5,0.8,5,10,[-20.   0.]
18.5,4.932,0.3,0.3,0.3,0.3,0.3,30.0,15.0,1.0,0.8,9999999,0.3,0.5,-2.5,0.8,5,10,[-20.   0.]
18.6,5.051,0.3,0.3,0.3,0.3,0.3,30.0,15.0,1.0,0.8,9999999,0.3,0.5,-2.5,0.8,5,10,[-20.   0.]
18.7,5.171,0.3,0.3,0.3,0.3,0.3,30.0,15.0,1.0,0.8,9999999,0.3,0.5,-2.5,0.8,5,10,[-20.   0.]
18.8,5.292,0.3,0.3,0.3,0.3,0.3,30.0,15.0,1.0,0.8,9999999,0.3,0.5,-2.5,0.8,5,10,[-20.   0.]
18.9,5.414,0.3,0.3,0.3,0.3,0.3,30.0,15.0,1.0,0.8,9999999,0.3,0.5,-2.5,0.8,5,10,[-20.   0.]
19.0,5.537,0.3,0.3,0.3,0.3,0.3,30.0,15.0,1.0,0.8,9999999,0.3,0.5,-2.5,0.8,5,10,[-20.   0.]
19.1,5.66,0.3,0.3,0.3,0.3,0.3,30.0,15.0,1.0,0.8,9999999,0.3,0.5,-2.5,0.8,5,10,[-20.   0.]
19.2,5.783,0.3,0.3,0.3,0.3,0.3,30.0,15.0,1.0,0.8,9999999,0.3,0.5,-2.5,0.8,5,10,[-20.   0.]
19.3,5.907,0.3,0.3,0.3,0.3,0.3,30.0,15.0,1.0,0.8,9999999,0.3,0.5,-2.5,0.8,5,10,[-20.   0.]
19.4,6.031,0.3,0.3,0.3,0.3,0.3,30.0,15.0,1.0,0.8,9999999,0.3,0.5,-2.5,0.8,5,10,[-20.   0.]
19.5,6.155,0.3,0.3,0.3,0.3,0.3,30.0,15.0,1.0,0.8,9999999,0.3,0.5,-2.5,0.8,5,10,[-20.   0.]
19.6,6.28,0.3,0.3,0.3,0.3,0.3,30.0,15.0,1.0,0.8,9999999,0.3,0.5,-2.5,0.8,5,10,[-20.   0.]
19.7,6.405,0.3,0.3,0.3,0.3,0.3,30.0,15.0,1.0,0.8,9999999,0.3,0.5,-2.5,0.8,5,10,[-20.   0.]
19.8,6.53,0.3,0.3,0.3,0.3,0.3,30.0,15.0,1.0,0.8,9999999,0.3,0.5,-2.5,0.8,5,10,[-20.   0.]
19.9,6.655,0.3,0.3,0.3,0.3,0.3,30.0,15.0,1.0,0.8,9999999,0.3,0.5,-2.5,0.8,5,10,[-20.   0.]
20.0,6.781,0.3,0.3,0.3,0.3,0.3,30.0,15.0,1.0,0.8,9999999,0.3,0.5,-2.5,0.8,5,10,[-20.   0.]
20.1,6.908,0.3,0.3,0.3,0.3,0.3,30.0,15.0,1.0,0.8,9999999,0.3,0.5,-2.5,0.8,5,10,[-20.   0.]
20.2,7.035,0.3,0.3,0.3,0.3,0.3,30.0,15.0,1.0,0.8,9999999,0.3,0.5,-2.5,0.8,5,10,[-20.   0.]
20.3,7.163,0.3,0.3,0.3,0.3,0.3,30.0,15.0,1.0,0.8,9999999,0.3,0.5,-2.5,0.8,5,10,[-20.   0.]
20.4,7.292,0.3,0.3,0.3,0.3,0.3,30.0,15.0,1.0,0.8,9999999,0.3,0.5,-2.5,0.8,5,10,[-20.   0.]
20.5,7.421,0.3,0.3,0.3,0.3,0.3,30.0,15.0,1.0,0.8,9999999,0.3,0.5,-2.5,0.8,5,10,[-20.   0.]
20.6,7.55,0.3,0.3,0.3,0.3,0.3,30.0,15.0,1.0,0.8,9999999,0.3,0.5,-2.5,0.8,5,10,[-20.   0.]
20.7,7.679,0.3,0.3,0.3,0.3,0.3,30.0,15.0,1.0,0.8,9999999,0.3,0.5,-2.5,0.8,5,10,[-20.   0.]
20.8,7.807,0.3,0.3,0.3,0.3,0.3,30.0,15.0,1.0,0.8,9999999,0.3,0.5,-2.5,0.8,5,10,[-20.   0.]
20.9,7.937,0.3,0.3,0.3,0.3,0.3,30.0,15.0,1.0,0.8,9999999,0.3,0.5,-2.5,0.8,5,10,[-20.   0.]
21.0,8.067,0.3,0.3,0.3,0.3,0.3,30.0,15.0,1.0,0.8,9999999,0.3,0.5,-2.5,0.8,5,10,[-20.   0.]
21.1,8.196,0.3,0.3,0.3,0.3,0.3,30.0,15.0,1.0,0.8,9999999,0.3,0.5,-2.5,0.8,5,10,[-20.   0.]
21.2,8.326,0.3,0.3,0.3,0.3,0.3,30.0,15.0,1.0,0.8,9999999,0.3,0.5,-2.5,0.8,5,10,[-20.   0.]
21.3,8.456,0.3,0.3,0.3,0.3,0.3,30.0,15.0,1.0,0.8,9999999,0.3,0.5,-2.5,0.8,5,10,[-20.   0.]
21.4,8.587,0.3,0.3,0.3,0.3,0.3,30.0,15.0,1.0,0.8,9999999,0.3,0.5,-2.5,0.8,5,10,[-20.   0.]
21.5,8.718,0.3,0.3,0.3,0.3,0.3,30.0,15.0,1.0,0.8,9999999,0.3,0.5,-2.5,0.8,5,10,[-20.   0.]
21.6,8.85,0.3,0.3,0.3,0.3,0.3,30.0,15.0,1.0,0.8,9999999,0.3,0.5,-2.5,0.8,5,10,[-20.   0.]
21.7,8.982,0.3,0.3,0.3,0.3,0.3,30.0,15.0,1.0,0.8,9999999,0.3,0.5,-2.5,0.8,5,10,[-20.   0.]
21.8,9.114,0.3,0.3,0.3,0.3,0.3,30.0,15.0,1.0,0.8,9999999,0.3,0.5,-2.5,0.8,5,10,[-20.   0.]
21.9,9.247,0.3,0.3,0.3,0.3,0.3,30.0,15.0,1.0,0.8,9999999,0.3,0.5,-2.5,0.8,5,10,[-20.   0.]
22.0,9.38,0.3,0.3,0.3,0.3,0.3,30.0,15.0,1.0,0.8,9999999,0.3,0.5,-2.5,0.8,5,10,[-20.   0.]
22.1,9.513,0.3,0.3,0.3,0.3,0.3,30.0,15.0,1.0,0.8,9999999,0.3,0.5,-2.5,0.8,5,10,[-20.   0.]
22.2,9.648,0.3,0.3,0.3,0.3,0.3,30.0,15.0,1.0,0.8,9999999,0.3,0.5,-2.5,0.8,5,10,[-20.   0.]
22.3,9.781,0.3,0.3,0.3,0.3,0.3,30.0,15.0,1.0,0.8,9999999,0.3,0.5,-2.5,0.8,5,10,[-20.   0.]
22.4,9.915,0.3,0.3,0.3,0.3,0.3,30.0,15.0,1.0,0.8,9999999,0.3,0.5,-2.5,0.8,5,10,[-20.   0.]
22.5,10.049,0.3,0.3,0.3,0.3,0.3,30.0,15.0,1.0,0.8,9999999,0.3,0.5,-2.5,0.8,5,10,[-20.   0.]
22.6,10.181,0.3,0.3,0.3,0.3,0.3,30.0,15.0,1.0,0.8,9999999,0.3,0.5,-2.5,0.8,5,10,[-20.   0.]
22.7,10.314,0.3,0.3,0.3,0.3,0.3,30.0,15.0,1.0,0.8,9999999,0.3,0.5,-2.5,0.8,5,10,[-20.   0.]
22.8,10.446,0.3,0.3,0.3,0.3,0.3,30.0,15.0,1.0,0.8,9999999,0.3,0.5,-2.5,0.8,5,10,[-20.   0.]
22.9,10.578,0.3,0.3,0.3,0.3,0.3,30.0,15.0,1.0,0.8,9999999,0.3,0.5,-2.5,0.8,5,10,[-20.   0.]
23.0,10.711,0.3,0.3,0.3,0.3,0.3,30.0,15.0,1.0,0.8,9999999,0.3,0.5,-2.5,0.8,5,10,[-20.   0.]
23.1,10.844,0.3,0.3,0.3,0.3,0.3,30.0,15.0,1.0,0.8,9999999,0.3,0.5,-2.5,0.8,5,10,[-20.   0.]
23.2,10.977,0.3,0.3,0.3,0.3,0.3,30.0,15.0,1.0,0.8,9999999,0.3,0.5,-2.5,0.8,5,10,[-20.   0.]
23.3,11.11,0.3,0.3,0.3,0.3,0.3,30.0,15.0,1.0,0.8,9999999,0.3,0.5,-2.5,0.8,5,10,[-20.   0.]
23.4,11.243,0.3,0.3,0.3,0.3,0.3,30.0,15.0,1.0,0.8,9999999,0.3,0.5,-2.5,0.8,5,10,[-20.   0.]
23.5,11.376,0.3,0.3,0.3,0.3,0.3,30.0,15.0,1.0,0.8,9999999,0.3,0.5,-2.5,0.8,5,10,[-20.   0.]
23.6,11.51,0.3,0.3,0.3,0.3,0.3,30.0,15.0,1.0,0.8,9999999,0.3,0.5,-2.5,0.8,5,10,[-20.   0.]
23.7,11.644,0.3,0.3,0.3,0.3,0.3,30.0,15.0,1.0,0.8,9999999,0.3,0.5,-2.5,0.8,5,10,[-20.   0.]
23.8,11.778,0.3,0.3,0.3,0.3,0.3,30.0,15.0,1.0,0.8,9999999,0.3,0.5,-2.5,0.8,5,10,[-20.   0.]
23.9,11.912,0.3,0.3,0.3,0.3,0.3,30.0,15.0,1.0,0.8,9999999,0.3,0.5,-2.5,0.8,5,10,[-20.   0.]
24.0,12.046,0.3,0.3,0.3,0.3,0.3,30.0,15.0,1.0,0.8,9999999,0.3,0.5,-2.5,0.8,5,10,[-20.   0.]
24.1,12.18,0.3,0.3,0.3,0.3,0.3,30.0,15.0,1.0,0.8,9999999,0.3,0.5,-2.5,0.8,5,10,[-20.   0.]
24.2,12.314,0.3,0.3,0.3,0.3,0.3,30.0,15.0,1.0,0.8,9999999,0.3,0.5,-2.5,0.8,5,10,[-20.   0.]
24.3,12.449,0.3,0.3,0.3,0.3,0.3,30.0,15.0,1.0,0.8,9999999,0.3,0.5,-2.5,0.8,5,10,[-20.   0.]
24.4,12.584,0.3,0.3,0.3,0.3,0.3,30.0,15.0,1.0,0.8,9999999,0.3,0.5,-2.5,0.8,5,10,[-20.   0.]
24.5,12.719,0.3,0.3,0.3,0.3,0.3,30.0,15.0,1.0,0.8,9999999,0.3,0.5,-2.5,0.8,5,10,[-20.   0.]
24.6,12.853,0.3,0.3,0.3,0.3,0.3,30.0,15.0,1.0,0.8,9999999,0.3,0.5,-2.5,0.8,5,10,[-20.   0.]
24.7,12.988,0.3,0.3,0.3,0.3,0.3,30.0,15.0,1.0,0.8,9999999,0.3,0.5,-2.5,0.8,5,10,[-20.   0.]
24.8,13.122,0.3,0.3,0.3,0.3,0.3,30.0,15.0,1.0,0.8,9999999,0.3,0.5,-2.5,0.8,5,10,[-20.   0.]
24.9,13.256,0.3,0.3,0.3,0.3,0.3,30.0,15.0,1.0,0.8,9999999,0.3,0.5,-2.5,0.8,5,10,[-20.   0.]
25.0,13.389,0.3,0.3,0.3,0.3,0.3,30.0,15.0,1.0,0.8,9999999,0.3,0.5,-2.5,0.8,5,10,[-20.   0.]
25.1,13.523,0.3,0.3,0.3,0.3,0.3,30.0,15.0,1.0,0.8,9999999,0.3,0.5,-2.5,0.8,5,10,[-20.   0.]
25.2,13.656,0.3,0.3,0.3,0.3,0.3,30.0,15.0,1.0,0.8,9999999,0.3,0.5,-2.5,0.8,5,10,[-20.   0.]
25.3,13.789,0.3,0.3,0.3,0.3,0.3,30.0,15.0,1.0,0.8,9999999,0.3,0.5,-2.5,0.8,5,10,[-20.   0.]
25.4,13.923,0.3,0.3,0.3,0.3,0.3,30.0,15.0,1.0,0.8,9999999,0.3,0.5,-2.5,0.8,5,10,[-20.   0.]
25.5,14.058,0.3,0.3,0.3,0.3,0.3,30.0,15.0,1.0,0.8,9999999,0.3,0.5,-2.5,0.8,5,10,[-20.   0.]
25.6,14.193,0.3,0.3,0.3,0.3,0.3,30.0,15.0,1.0,0.8,9999999,0.3,0.5,-2.5,0.8,5,10,[-20.   0.]
25.7,14.326,0.3,0.3,0.3,0.3,0.3,30.0,15.0,1.0,0.8,9999999,0.3,0.5,-2.5,0.8,5,10,[-20.   0.]
25.8,14.461,0.3,0.3,0.3,0.3,0.3,30.0,15.0,1.0,0.8,9999999,0.3,0.5,-2.5,0.8,5,10,[-20.   0.]
25.9,14.595,0.3,0.3,0.3,0.3,0.3,30.0,15.0,1.0,0.8,9999999,0.3,0.5,-2.5,0.8,5,10,[-20.   0.]
26.0,14.728,0.3,0.3,0.3,0.3,0.3,30.0,15.0,1.0,0.8,9999999,0.3,0.5,-2.5,0.8,5,10,[-20.   0.]
26.1,14.862,0.3,0.3,0.3,0.3,0.3,30.0,15.0,1.0,0.8,9999999,0.3,0.5,-2.5,0.8,5,10,[-20.   0.]
26.2,14.996,0.3,0.3,0.3,0.3,0.3,30.0,15.0,1.0,0.8,9999999,0.3,0.5,-2.5,0.8,5,10,[-20.   0.]
26.3,15.13,0.3,0.3,0.3,0.3,0.3,30.0,15.0,1.0,0.8,9999999,0.3,0.5,-2.5,0.8,5,10,[-20.   0.]
26.4,15.262,0.3,0.3,0.3,0.3,0.3,30.0,15.0,1.0,0.8,9999999,0.3,0.5,-2.5,0.8,5,10,[-20.   0.]
26.5,15.394,0.3,0.3,0.3,0.3,0.3,30.0,15.0,1.0,0.8,9999999,0.3,0.5,-2.5,0.8,5,10,[-20.   0.]
26.6,15.526,0.3,0.3,0.3,0.3,0.3,30.0,15.0,1.0,0.8,9999999,0.3,0.5,-2.5,0.8,5,10,[-20.   0.]
26.7,15.656,0.3,0.3,0.3,0.3,0.3,30.0,15.0,1.0,0.8,9999999,0.3,0.5,-2.5,0.8,5,10,[-20.   0.]
26.8,15.787,0.3,0.3,0.3,0.3,0.3,30.0,15.0,1.0,0.8,9999999,0.3,0.5,-2.5,0.8,5,10,[-20.   0.]
26.9,15.918,0.3,0.3,0.3,0.3,0.3,30.0,15.0,1.0,0.8,9999999,0.3,0.5,-2.5,0.8,5,10,[-20.   0.]
27.0,16.049,0.3,0.3,0.3,0.3,0.3,30.0,15.0,1.0,0.8,9999999,0.3,0.5,-2.5,0.8,5,10,[-20.   0.]
27.1,16.179,0.3,0.3,0.3,0.3,0.3,30.0,15.0,1.0,0.8,9999999,0.3,0.5,-2.5,0.8,5,10,[-20.   0.]
27.2,16.31,0.3,0.3,0.3,0.3,0.3,30.0,15.0,1.0,0.8,9999999,0.3,0.5,-2.5,0.8,5,10,[-20.   0.]
27.3,16.441,0.3,0.3,0.3,0.3,0.3,30.0,15.0,1.0,0.8,9999999,0.3,0.5,-2.5,0.8,5,10,[-20.   0.]
27.4,16.573,0.3,0.3,0.3,0.3,0.3,30.0,15.0,1.0,0.8,9999999,0.3,0.5,-2.5,0.8,5,10,[-20.   0.]
27.5,16.704,0.3,0.3,0.3,0.3,0.3,30.0,15.0,1.0,0.8,9999999,0.3,0.5,-2.5,0.8,5,10,[-20.   0.]
27.6,16.834,0.3,0.3,0.3,0.3,0.3,30.0,15.0,1.0,0.8,9999999,0.3,0.5,-2.5,0.8,5,10,[-20.   0.]
27.7,16.964,0.3,0.3,0.3,0.3,0.3,30.0,15.0,1.0,0.8,9999999,0.3,0.5,-2.5,0.8,5,10,[-20.   0.]
27.8,17.094,0.3,0.3,0.3,0.3,0.3,30.0,15.0,1.0,0.8,9999999,0.3,0.5,-2.5,0.8,5,10,[-20.   0.]
27.9,17.226,0.3,0.3,0.3,0.3,0.3,30.0,15.0,1.0,0.8,9999999,0.3,0.5,-2.5,0.8,5,10,[-20.   0.]
28.0,17.358,0.3,0.3,0.3,0.3,0.3,30.0,15.0,1.0,0.8,9999999,0.3,0.5,-2.5,0.8,5,10,[-20.   0.]
28.1,17.491,0.3,0.3,0.3,0.3,0.3,30.0,15.0,1.0,0.8,9999999,0.3,0.5,-2.5,0.8,5,10,[-20.   0.]
28.2,17.623,0.3,0.3,0.3,0.3,0.3,30.0,15.0,1.0,0.8,9999999,0.3,0.5,-2.5,0.8,5,10,[-20.   0.]
28.3,17.756,0.3,0.3,0.3,0.3,0.3,30.0,15.0,1.0,0.8,9999999,0.3,0.5,-2.5,0.8,5,10,[-20.   0.]
28.4,17.888,0.3,0.3,0.3,0.3,0.3,30.0,15.0,1.0,0.8,9999999,0.3,0.5,-2.5,0.8,5,10,[-20.   0.]
28.5,18.021,0.3,0.3,0.3,0.3,0.3,30.0,15.0,1.0,0.8,9999999,0.3,0.5,-2.5,0.8,5,10,[-20.   0.]
28.6,18.153,0.3,0.3,0.3,0.3,0.3,30.0,15.0,1.0,0.8,9999999,0.3,0.5,-2.5,0.8,5,10,[-20.   0.]
28.7,18.286,0.3,0.3,0.3,0.3,0.3,30.0,15.0,1.0,0.8,9999999,0.3,0.5,-2.5,0.8,5,10,[-20.   0.]
28.8,18.417,0.3,0.3,0.3,0.3,0.3,30.0,15.0,1.0,0.8,9999999,0.3,0.5,-2.5,0.8,5,10,[-20.   0.]
28.9,18.548,0.3,0.3,0.3,0.3,0.3,30.0,15.0,1.0,0.8,9999999,0.3,0.5,-2.5,0.8,5,10,[-20.   0.]
29.0,18.679,0.3,0.3,0.3,0.3,0.3,30.0,15.0,1.0,0.8,9999999,0.3,0.5,-2.5,0.8,5,10,[-20.   0.]
29.1,18.81,0.3,0.3,0.3,0.3,0.3,30.0,15.0,1.0,0.8,9999999,0.3,0.5,-2.5,0.8,5,10,[-20.   0.]
29.2,18.94,0.3,0.3,0.3,0.3,0.3,30.0,15.0,1.0,0.8,9999999,0.3,0.5,-2.5,0.8,5,10,[-20.   0.]
29.3,19.07,0.3,0.3,0.3,0.3,0.3,30.0,15.0,1.0,0.8,9999999,0.3,0.5,-2.5,0.8,5,10,[-20.   0.]
29.4,19.198,0.3,0.3,0.3,0.3,0.3,30.0,15.0,1.0,0.8,9999999,0.3,0.5,-2.5,0.8,5,10,[-20.   0.]
29.5,19.328,0.3,0.3,0.3,0.3,0.3,30.0,15.0,1.0,0.8,9999999,0.3,0.5,-2.5,0.8,5,10,[-20.   0.]
29.6,19.458,0.3,0.3,0.3,0.3,0.3,30.0,15.0,1.0,0.8,9999999,0.3,0.5,-2.5,0.8,5,10,[-20.   0.]
29.7,19.588,0.3,0.3,0.3,0.3,0.3,30.0,15.0,1.0,0.8,9999999,0.3,0.5,-2.5,0.8,5,10,[-20.   0.]
29.8,19.717,0.3,0.3,0.3,0.3,0.3,30.0,15.0,1.0,0.8,9999999,0.3,0.5,-2.5,0.8,5,10,[-20.   0.]
29.9,19.846,0.3,0.3,0.3,0.3,0.3,30.0,15.0,1.0,0.8,9999999,0.3,0.5,-2.5,0.8,5,10,[-20.   0.]
30.0,19.975,0.3,0.3,0.3,0.3,0.3,30.0,15.0,1.0,0.8,9999999,0.3,0.5,-2.5,0.8,5,10,[-20.   0.]
